{
  "rmse": 6.94309120455093,
  "mae": 0.38405589269296475,
  "r2": 0.8981621265411377,
  "cv_mean": 0.9385276556015014,
  "cv_std": 0.06483159938893442
}