{
  "sarima_departamento_Antioquia": {
    "mse_mean": 66.76037594966786,
    "rmse_mean": 7.288370705789006,
    "mae_mean": 6.292387245931061,
    "n_observations": 129
  },
  "sarima_departamento_Bol\u00edvar": {
    "mse_mean": 7.855330454769718,
    "rmse_mean": 2.7893861573168572,
    "mae_mean": 2.262755732081018,
    "n_observations": 60
  },
  "sarima_departamento_C\u00f3rdoba": {
    "mse_mean": 3.8794985387406298,
    "rmse_mean": 1.9182770781620202,
    "mae_mean": 1.771488462307917,
    "n_observations": 60
  },
  "sarima_departamento_Sucre": {
    "mse_mean": 16.747991479468837,
    "rmse_mean": 4.023837566529148,
    "mae_mean": 3.425584205684622,
    "n_observations": 60
  },
  "sarima_departamento_municipio_Antioquia_Brice\u00f1o": {
    "mse_mean": 0.48413146751825664,
    "rmse_mean": 0.6022485744310171,
    "mae_mean": 0.43005458574961536,
    "n_observations": 128
  },
  "sarima_departamento_municipio_Antioquia_Buritic\u00e1": {
    "mse_mean": 0.42647864339990743,
    "rmse_mean": 0.6519746734720879,
    "mae_mean": 0.41608253642886706,
    "n_observations": 72
  },
  "sarima_departamento_municipio_Antioquia_Caucasia": {
    "mse_mean": 3.3880160174474043,
    "rmse_mean": 1.736056299700276,
    "mae_mean": 1.346881941500263,
    "n_observations": 91
  },
  "sarima_departamento_municipio_Antioquia_C\u00e1ceres": {
    "mse_mean": 7.589302433555723,
    "rmse_mean": 2.5142725783431072,
    "mae_mean": 2.195874314827511,
    "n_observations": 92
  },
  "sarima_departamento_municipio_Antioquia_El Bagre": {
    "mse_mean": 0.053580603710185665,
    "rmse_mean": 0.2314748446595994,
    "mae_mean": 0.1504211046775029,
    "n_observations": 54
  },
  "sarima_departamento_municipio_Antioquia_Ituango": {
    "mse_mean": 0.9036754656997197,
    "rmse_mean": 0.9500681516354592,
    "mae_mean": 0.7477028364035156,
    "n_observations": 129
  },
  "sarima_departamento_municipio_Antioquia_Liborina": {
    "mse_mean": 0.46212297293804766,
    "rmse_mean": 0.5912990147996738,
    "mae_mean": 0.5499053316998737,
    "n_observations": 73
  },
  "sarima_departamento_municipio_Antioquia_Nech\u00ed": {
    "mse_mean": 2.072434572405003,
    "rmse_mean": 1.4231314643827295,
    "mae_mean": 1.2245403315697636,
    "n_observations": 92
  },
  "sarima_departamento_municipio_Antioquia_Olaya": {
    "mse_mean": 0.17580072587727238,
    "rmse_mean": 0.40822245279587915,
    "mae_mean": 0.356046777976819,
    "n_observations": 73
  },
  "sarima_departamento_municipio_Antioquia_Peque": {
    "mse_mean": 0.3440523956991182,
    "rmse_mean": 0.5847389184995551,
    "mae_mean": 0.3952502906054185,
    "n_observations": 126
  },
  "sarima_departamento_municipio_Antioquia_Sabanalarga": {
    "mse_mean": 0.4422646038191596,
    "rmse_mean": 0.5934168816985095,
    "mae_mean": 0.4269962331004738,
    "n_observations": 122
  },
  "sarima_departamento_municipio_Antioquia_San Andr\u00e9s de Cuerquia": {
    "mse_mean": 0.10889381853437174,
    "rmse_mean": 0.32913788815990275,
    "mae_mean": 0.25693153652890666,
    "n_observations": 122
  },
  "sarima_departamento_municipio_Antioquia_Santaf\u00e9 de Antioquia": {
    "mse_mean": 0.15047422516505252,
    "rmse_mean": 0.3467181109035609,
    "mae_mean": 0.29511399187503834,
    "n_observations": 70
  },
  "sarima_departamento_municipio_Antioquia_Taraz\u00e1": {
    "mse_mean": 3.041124538322531,
    "rmse_mean": 1.6779846706341985,
    "mae_mean": 1.3892684801701163,
    "n_observations": 92
  },
  "sarima_departamento_municipio_Antioquia_Toledo": {
    "mse_mean": 0.3722130277928084,
    "rmse_mean": 0.6094199132459989,
    "mae_mean": 0.4554751936967696,
    "n_observations": 128
  },
  "sarima_departamento_municipio_Antioquia_Valdivia": {
    "mse_mean": 6.203869584227438,
    "rmse_mean": 2.455251443640342,
    "mae_mean": 2.0482246197916845,
    "n_observations": 129
  },
  "sarima_departamento_municipio_Antioquia_Yarumal": {
    "mse_mean": 0.6023572870882177,
    "rmse_mean": 0.7583768522532504,
    "mae_mean": 0.6762371975078452,
    "n_observations": 73
  },
  "sarima_departamento_municipio_Bol\u00edvar_Ach\u00ed": {
    "mse_mean": 2.9898683301073725,
    "rmse_mean": 1.6991093773878188,
    "mae_mean": 0.9755535728248138,
    "n_observations": 60
  },
  "sarima_departamento_municipio_Bol\u00edvar_Cartagena": {
    "mse_mean": 0.6318872176951414,
    "rmse_mean": 0.5820021804232131,
    "mae_mean": 0.4959121399657606,
    "n_observations": 59
  },
  "sarima_departamento_municipio_Bol\u00edvar_Cicuco": {
    "mse_mean": 0.17694982052135264,
    "rmse_mean": 0.4120439542103172,
    "mae_mean": 0.27891986414749875,
    "n_observations": 38
  },
  "sarima_departamento_municipio_Bol\u00edvar_Magangu\u00e9": {
    "mse_mean": 1.129813071598373,
    "rmse_mean": 0.9831737927682079,
    "mae_mean": 0.7661217207287395,
    "n_observations": 59
  },
  "sarima_departamento_municipio_Bol\u00edvar_Momp\u00f3s": {
    "mse_mean": 1.3225317779085388,
    "rmse_mean": 1.1274356597608894,
    "mae_mean": 0.6348757652265827,
    "n_observations": 39
  },
  "sarima_departamento_municipio_Bol\u00edvar_Montecristo": {
    "mse_mean": 0.22508811785611815,
    "rmse_mean": 0.47436399757250725,
    "mae_mean": 0.3461397178442812,
    "n_observations": 42
  },
  "sarima_departamento_municipio_Bol\u00edvar_Pinillos": {
    "mse_mean": 1.114239492915271,
    "rmse_mean": 1.0555754321294482,
    "mae_mean": 0.5139745485078485,
    "n_observations": 42
  },
  "sarima_departamento_municipio_C\u00f3rdoba_Ayapel": {
    "mse_mean": 1.429811693026053,
    "rmse_mean": 1.085125665451887,
    "mae_mean": 0.6676229593559022,
    "n_observations": 59
  },
  "sarima_departamento_municipio_C\u00f3rdoba_Buenavista": {
    "mse_mean": 0.5974190725187083,
    "rmse_mean": 0.6663811532103519,
    "mae_mean": 0.5896810583530779,
    "n_observations": 39
  },
  "sarima_departamento_municipio_C\u00f3rdoba_La Apartada": {
    "mse_mean": 0.5511760184005635,
    "rmse_mean": 0.707287255634296,
    "mae_mean": 0.5646756305482477,
    "n_observations": 40
  },
  "sarima_departamento_municipio_C\u00f3rdoba_Montel\u00edbano": {
    "mse_mean": 0.6426880715718357,
    "rmse_mean": 0.7849458147743618,
    "mae_mean": 0.6102485323392435,
    "n_observations": 39
  },
  "sarima_departamento_municipio_C\u00f3rdoba_Monter\u00eda": {
    "mse_mean": 0.01503658483708191,
    "rmse_mean": 0.12194152291475518,
    "mae_mean": 0.05457571834840559,
    "n_observations": 60
  },
  "sarima_departamento_municipio_C\u00f3rdoba_Pueblo Nuevo": {
    "mse_mean": 0.18991973875223256,
    "rmse_mean": 0.4352879604343034,
    "mae_mean": 0.3281169820190625,
    "n_observations": 40
  },
  "sarima_departamento_municipio_Sucre_Caimito": {
    "mse_mean": 0.23239941091995064,
    "rmse_mean": 0.47309826916805714,
    "mae_mean": 0.3152185336669383,
    "n_observations": 58
  },
  "sarima_departamento_municipio_Sucre_Galeras": {
    "mse_mean": 0.17478595993585608,
    "rmse_mean": 0.41807410818640284,
    "mae_mean": 0.14338308038029177,
    "n_observations": 39
  },
  "sarima_departamento_municipio_Sucre_Guaranda": {
    "mse_mean": 2.2479426237584343,
    "rmse_mean": 1.4940918454977303,
    "mae_mean": 1.2176867976314496,
    "n_observations": 59
  },
  "sarima_departamento_municipio_Sucre_Majagual": {
    "mse_mean": 9.043279153203395,
    "rmse_mean": 2.536493099014795,
    "mae_mean": 2.219953954957409,
    "n_observations": 59
  },
  "sarima_departamento_municipio_Sucre_San Benito Abad": {
    "mse_mean": 2.307277630570616,
    "rmse_mean": 1.2679593678743035,
    "mae_mean": 1.1842357241614403,
    "n_observations": 58
  },
  "sarima_departamento_municipio_Sucre_San Marcos": {
    "mse_mean": 0.9477848438666988,
    "rmse_mean": 0.7432688210210409,
    "mae_mean": 0.45339080996534076,
    "n_observations": 59
  },
  "sarima_departamento_municipio_Sucre_Sincelejo": {
    "mse_mean": 0.048028379800875036,
    "rmse_mean": 0.19656135637175365,